Timestamp,Description
0,The image shows a close-up of a soccer player's legs wearing a Barcelona kit and distinctive golden cleats on a grassy field.
0,The image shows a football (soccer) scene featuring a man in a suit walking past a player wearing a red and blue striped jersey and shorts.
0,"The image shows a soccer player wearing a red and blue striped jersey with ""Barcelona"" and ""unicef"" logos, walking on the field."
0,"The image shows a soccer player wearing a red and blue striped jersey with the logo of FC Barcelona, looking up with a focused expression on his face."
0,"The image shows a young soccer player wearing a red and blue striped jersey, looking up with a focused expression during a match."
0,"The image shows a soccer player wearing a red and blue striped jersey with a yellow collar, looking up with a focused expression during a match."
0,"The image shows a young soccer player wearing a blue and red jersey with the FC Barcelona logo, looking up with a thoughtful expression during a match."
0,"The image captures a tense moment during a football match between Barcelona and Real Madrid, featuring Lionel Messi in a red and blue jersey and Cristiano Ronaldo in a white jersey, with officials and spectators in the background."
0,"The image shows a soccer player wearing a Barcelona jersey with the name ""Messi"" and the number 10, walking past a referee in a yellow shirt, surrounded by spectators and security personnel."
0,"The image captures a moment during a football match featuring Lionel Messi in a Barcelona jersey and Cristiano Ronaldo in a Real Madrid jersey, with excited fans and security personnel in the background."
0,"The image shows a tense moment during a football match, featuring a player in a Barcelona jersey with the name ""Messi"" and the number 10, interacting with a referee in a yellow uniform, while spectators and staff in the background watch."
0,"The image captures a moment during a football match, featuring players and officials on the sidelines, with a crowd of spectators in the background."
0,"The image captures a moment during a football match, featuring players and officials on the field, with a crowd of security personnel in bright orange jackets in the background."
0,"The image captures a moment during a football match, showing a player in a white jersey standing near the sideline, with officials and a crowd of people in orange jackets in the background."
0,"The image captures a moment during a football match, featuring players on the field, with officials and team staff in the background, amidst a crowd of spectators."
0,"The image captures a moment during a soccer match, featuring players on the field, a referee in a yellow shirt, and numerous security personnel in bright orange jackets along the sidelines."
0,"The image shows a serious-looking man in a dark coat and scarf sitting on a bench, surrounded by people in sports attire."
0,"The image shows a serious-looking man with gray hair and a scarf, sitting on a bench, seemingly deep in thought or concern, while a person behind him holds a plush toy."
0,"The image shows a serious-looking man wearing a dark coat and scarf, seated on a bench with other individuals in sports attire behind him."
0,"The image shows a serious-looking man sitting on a bench, wearing a dark coat and scarf, with a group of people in sports attire behind him."
0,"The image shows a scoreboard displaying the final score of a football match, with FC Barcelona leading 5-0 against Real Madrid, while fans are visible in the background."
0,"The image displays a scoreboard showing the final score of a football match, with FC Barcelona leading 5-0 against Real Madrid, while fans celebrate in the background."
0,"The image shows a scoreboard displaying the final score of a football match, with FC Barcelona leading 5-0 against Real Madrid, while fans celebrate in the background."
0,"The image shows a scoreboard displaying the final score of a football match, with FC Barcelona winning 5-0 against Real Madrid, while fans celebrate in the background."
